coverage,accuracy
0.0005,0.0
0.001,0.0
0.0015,0.33333333333333337
0.002,0.5
0.0025,0.6
0.003,0.6666666666666667
0.0035,0.7142857142857143
0.004,0.625
0.0045,0.5555555555555556
0.005,0.6
0.0055,0.5454545454545454
0.006,0.5833333333333333
0.0065,0.5384615384615384
0.007,0.5714285714285714
0.0075,0.5333333333333333
0.008,0.5625
0.0085,0.5882352941176471
0.009,0.5555555555555556
0.0095,0.5789473684210527
0.01,0.6
0.0105,0.6190476190476191
0.011,0.5909090909090908
0.0115,0.6086956521739131
0.012,0.5833333333333333
0.0125,0.6
0.013,0.6153846153846154
0.0135,0.5925925925925926
0.014,0.5714285714285714
0.0145,0.5862068965517242
0.015,0.6
0.0155,0.6129032258064516
0.016,0.625
0.0165,0.6060606060606061
0.017,0.5882352941176471
0.0175,0.5714285714285714
0.018,0.5555555555555556
0.0185,0.5675675675675675
0.019,0.5526315789473684
0.0195,0.5384615384615384
0.02,0.55
0.0205,0.5365853658536586
0.021,0.5476190476190477
0.0215,0.5581395348837209
0.022,0.5681818181818181
0.0225,0.5777777777777777
0.023,0.5869565217391304
0.0235,0.574468085106383
0.024,0.5625
0.0245,0.5510204081632653
0.025,0.54
0.0255,0.5294117647058824
0.026,0.5192307692307692
0.0265,0.5283018867924528
0.027,0.5185185185185186
0.0275,0.509090909090909
0.028,0.5
0.0285,0.49122807017543857
0.029,0.5
0.0295,0.5084745762711864
0.03,0.5166666666666666
0.0305,0.5081967213114754
0.031,0.5161290322580645
0.0315,0.5238095238095238
0.032,0.515625
0.0325,0.523076923076923
0.033,0.5151515151515151
0.0335,0.5074626865671642
0.034,0.5
0.0345,0.49275362318840576
0.035,0.48571428571428577
0.0355,0.47887323943661975
0.036,0.4722222222222222
0.0365,0.4794520547945206
0.037,0.472972972972973
0.0375,0.48
0.038,0.4736842105263158
0.0385,0.48051948051948057
0.039,0.47435897435897434
0.0395,0.4810126582278481
0.04,0.475
0.0405,0.4691358024691358
0.041,0.46341463414634143
0.0415,0.45783132530120485
0.042,0.45238095238095233
0.0425,0.45882352941176474
0.043,0.4651162790697675
0.0435,0.45977011494252873
0.044,0.46590909090909094
0.0445,0.4719101123595506
0.045,0.47777777777777775
0.0455,0.48351648351648346
0.046,0.4782608695652174
0.0465,0.4731182795698925
0.047,0.46808510638297873
0.0475,0.4631578947368421
0.048,0.46875
0.0485,0.4742268041237113
0.049,0.4693877551020408
0.0495,0.4747474747474747
0.05,0.48
0.0505,0.4752475247524752
0.051,0.47058823529411764
0.0515,0.46601941747572817
0.052,0.46153846153846156
0.0525,0.4571428571428572
0.053,0.46226415094339623
0.0535,0.4672897196261683
0.054,0.4629629629629629
0.0545,0.4678899082568807
0.055,0.4727272727272728
0.0555,0.4774774774774775
0.056,0.4732142857142857
0.0565,0.4690265486725663
0.057,0.4736842105263158
0.0575,0.4695652173913043
0.058,0.4655172413793104
0.0585,0.4700854700854701
0.059,0.47457627118644063
0.0595,0.47058823529411764
0.06,0.4666666666666667
0.0605,0.47107438016528924
0.061,0.47540983606557374
0.0615,0.4715447154471545
0.062,0.47580645161290325
0.0625,0.48
0.063,0.47619047619047616
0.0635,0.4803149606299213
0.064,0.484375
0.0645,0.48062015503875966
0.065,0.4769230769230769
0.0655,0.48091603053435117
0.066,0.4772727272727273
0.0665,0.48120300751879697
0.067,0.4776119402985075
0.0675,0.4740740740740741
0.068,0.47058823529411764
0.0685,0.4744525547445255
0.069,0.47101449275362317
0.0695,0.4676258992805755
0.07,0.4642857142857143
0.0705,0.46808510638297873
0.071,0.471830985915493
0.0715,0.46853146853146854
0.072,0.4652777777777778
0.0725,0.4620689655172414
0.073,0.4657534246575342
0.0735,0.4693877551020408
0.074,0.46621621621621623
0.0745,0.46308724832214765
0.075,0.45999999999999996
0.0755,0.45695364238410596
0.076,0.4605263157894737
0.0765,0.4575163398692811
0.077,0.4545454545454546
0.0775,0.4580645161290322
0.078,0.4551282051282052
0.0785,0.4585987261146497
0.079,0.4620253164556962
0.0795,0.4591194968553459
0.08,0.45625000000000004
0.0805,0.45341614906832295
0.081,0.45679012345679015
0.0815,0.45398773006134974
0.082,0.4512195121951219
0.0825,0.4484848484848485
0.083,0.4518072289156626
0.0835,0.4491017964071856
0.084,0.45238095238095233
0.0845,0.4556213017751479
0.085,0.45882352941176474
0.0855,0.45614035087719296
0.086,0.4534883720930233
0.0865,0.4508670520231214
0.087,0.4482758620689655
0.0875,0.44571428571428573
0.088,0.44886363636363635
0.0885,0.45197740112994356
0.089,0.4550561797752809
0.0895,0.45251396648044695
0.09,0.4555555555555556
0.0905,0.4530386740331491
0.091,0.4505494505494505
0.0915,0.4480874316939891
0.092,0.44565217391304346
0.0925,0.4486486486486486
0.093,0.4516129032258065
0.0935,0.44919786096256686
0.094,0.44680851063829785
0.0945,0.44973544973544977
0.095,0.4473684210526315
0.0955,0.4502617801047121
0.096,0.44791666666666663
0.0965,0.4507772020725389
0.097,0.44845360824742264
0.0975,0.45128205128205123
0.098,0.45408163265306123
0.0985,0.4517766497461929
0.099,0.4494949494949495
0.0995,0.44723618090452266
0.1,0.44499999999999995
0.1005,0.4427860696517413
0.101,0.4455445544554455
0.1015,0.4433497536945813
0.102,0.446078431372549
0.1025,0.4439024390243902
0.103,0.44660194174757284
0.1035,0.4444444444444444
0.104,0.4471153846153846
0.1045,0.44976076555023925
0.105,0.4476190476190476
0.1055,0.45023696682464454
0.106,0.44811320754716977
0.1065,0.45070422535211263
0.107,0.44859813084112155
0.1075,0.4511627906976744
0.108,0.44907407407407407
0.1085,0.4516129032258065
0.109,0.4495412844036697
0.1095,0.4474885844748858
0.11,0.44545454545454544
0.1105,0.44796380090497734
0.111,0.44594594594594594
0.1115,0.4439461883408071
0.112,0.4419642857142857
0.1125,0.4444444444444444
0.113,0.4424778761061947
0.1135,0.44493392070484583
0.114,0.4429824561403509
0.1145,0.44104803493449785
0.115,0.4391304347826087
0.1155,0.4372294372294372
0.116,0.43534482758620685
0.1165,0.4334763948497854
0.117,0.43162393162393164
0.1175,0.42978723404255315
0.118,0.4279661016949152
0.1185,0.42616033755274263
0.119,0.4243697478991597
0.1195,0.42677824267782427
0.12,0.42500000000000004
0.1205,0.4232365145228216
0.121,0.4256198347107438
0.1215,0.4238683127572016
0.122,0.4221311475409836
0.1225,0.42448979591836733
0.123,0.4227642276422764
0.1235,0.42105263157894735
0.124,0.4233870967741935
0.1245,0.42168674698795183
0.125,0.42000000000000004
0.1255,0.4223107569721115
0.126,0.4206349206349206
0.1265,0.4189723320158103
0.127,0.4173228346456693
0.1275,0.4156862745098039
0.128,0.4140625
0.1285,0.41634241245136183
0.129,0.4147286821705426
0.1295,0.4131274131274131
0.13,0.4115384615384615
0.1305,0.4137931034482759
0.131,0.4122137404580153
0.1315,0.4106463878326996
0.132,0.40909090909090906
0.1325,0.41132075471698115
0.133,0.4135338345864662
0.1335,0.4157303370786517
0.134,0.41417910447761197
0.1345,0.41263940520446096
0.135,0.4111111111111111
0.1355,0.4095940959409594
0.136,0.40808823529411764
0.1365,0.4065934065934066
0.137,0.4051094890510949
0.1375,0.40727272727272723
0.138,0.4057971014492754
0.1385,0.40794223826714804
0.139,0.4064748201438849
0.1395,0.40501792114695345
0.14,0.40714285714285714
0.1405,0.40569395017793597
0.141,0.4042553191489362
0.1415,0.40636042402826855
0.142,0.4084507042253521
0.1425,0.40701754385964917
0.143,0.4055944055944056
0.1435,0.40418118466898956
0.144,0.4027777777777778
0.1445,0.40484429065743943
0.145,0.40689655172413797
0.1455,0.4054982817869416
0.146,0.40410958904109584
0.1465,0.40273037542662116
0.147,0.4013605442176871
0.1475,0.4
0.148,0.3986486486486487
0.1485,0.4006734006734006
0.149,0.3993288590604027
0.1495,0.39799331103678925
0.15,0.3966666666666666
0.1505,0.39534883720930236
0.151,0.39403973509933776
0.1515,0.39603960396039606
0.152,0.3980263157894737
0.1525,0.3967213114754098
0.153,0.39869281045751637
0.1535,0.40065146579804556
0.154,0.39935064935064934
0.1545,0.40129449838187703
0.155,0.4
0.1555,0.40192926045016075
0.156,0.40064102564102566
0.1565,0.3993610223642172
0.157,0.3980891719745223
0.1575,0.39682539682539686
0.158,0.39556962025316456
0.1585,0.3943217665615142
0.159,0.39308176100628933
0.1595,0.39498432601880873
0.16,0.39375000000000004
0.1605,0.39252336448598135
0.161,0.3913043478260869
0.1615,0.3900928792569659
0.162,0.38888888888888884
0.1625,0.38769230769230767
0.163,0.38957055214723924
0.1635,0.3914373088685015
0.164,0.3932926829268293
0.1645,0.39209726443769
0.165,0.3909090909090909
0.1655,0.3927492447129909
0.166,0.39156626506024095
0.1665,0.39039039039039036
0.167,0.3892215568862275
0.1675,0.3880597014925373
0.168,0.38690476190476186
0.1685,0.3887240356083086
0.169,0.3905325443786982
0.1695,0.39233038348082594
0.17,0.3941176470588236
0.1705,0.39589442815249265
0.171,0.39766081871345027
0.1715,0.39650145772594747
0.172,0.39534883720930236
0.1725,0.3971014492753623
0.173,0.3988439306358381
0.1735,0.3976945244956772
0.174,0.3994252873563219
0.1745,0.3982808022922636
0.175,0.39714285714285713
0.1755,0.3988603988603988
0.176,0.40056818181818177
0.1765,0.40226628895184136
0.177,0.4011299435028248
0.1775,0.4
0.178,0.401685393258427
0.1785,0.40336134453781514
0.179,0.4050279329608939
0.1795,0.4066852367688022
0.18,0.4083333333333333
0.1805,0.40997229916897504
0.181,0.4088397790055248
0.1815,0.40771349862258954
0.182,0.4065934065934066
0.1825,0.40821917808219177
0.183,0.4098360655737705
0.1835,0.40871934604904636
0.184,0.40760869565217395
0.1845,0.4092140921409214
0.185,0.41081081081081083
0.1855,0.41239892183288407
0.186,0.41129032258064513
0.1865,0.41018766756032177
0.187,0.40909090909090906
0.1875,0.4106666666666666
0.188,0.40957446808510634
0.1885,0.41114058355437666
0.189,0.41005291005291
0.1895,0.40897097625329815
0.19,0.41052631578947374
0.1905,0.4120734908136483
0.191,0.4136125654450262
0.1915,0.41253263707571797
0.192,0.41145833333333337
0.1925,0.412987012987013
0.193,0.4119170984455959
0.1935,0.4108527131782945
0.194,0.4097938144329897
0.1945,0.4113110539845758
0.195,0.41025641025641024
0.1955,0.4117647058823529
0.196,0.41326530612244894
0.1965,0.4122137404580153
0.197,0.41116751269035534
0.1975,0.41265822784810124
0.198,0.41161616161616166
0.1985,0.4130982367758187
0.199,0.4120603015075377
0.1995,0.41102756892230574
0.2,0.41000000000000003
0.2005,0.4114713216957606
0.201,0.4104477611940298
0.2015,0.4094292803970223
0.202,0.4108910891089109
0.2025,0.41234567901234565
0.203,0.41133004926108374
0.2035,0.41277641277641275
0.204,0.4117647058823529
0.2045,0.41075794621026895
0.205,0.41219512195121955
0.2055,0.4136253041362531
0.206,0.4150485436893204
0.2065,0.41646489104116224
0.207,0.41787439613526567
0.2075,0.4192771084337349
0.208,0.4182692307692307
0.2085,0.41966426858513195
0.209,0.42105263157894735
0.2095,0.4200477326968973
0.21,0.4214285714285714
0.2105,0.4228028503562945
0.211,0.4218009478672986
0.2115,0.4208037825059102
0.212,0.4221698113207547
0.2125,0.42117647058823526
0.213,0.42018779342723
0.2135,0.41920374707259955
0.214,0.42056074766355145
0.2145,0.4195804195804196
0.215,0.42093023255813955
0.2155,0.419953596287703
0.216,0.4189814814814815
0.2165,0.4203233256351039
0.217,0.4193548387096774
0.2175,0.41839080459770117
0.218,0.4174311926605505
0.2185,0.41647597254004576
0.219,0.4178082191780822
0.2195,0.4191343963553531
0.22,0.4181818181818182
0.2205,0.4172335600907029
0.221,0.418552036199095
0.2215,0.41986455981941306
0.222,0.4211711711711712
0.2225,0.4224719101123595
0.223,0.42152466367713004
0.2235,0.42281879194630867
0.224,0.421875
0.2245,0.423162583518931
0.225,0.4222222222222223
0.2255,0.4212860310421286
0.226,0.42035398230088494
0.2265,0.41942604856512145
0.227,0.41850220264317184
0.2275,0.41978021978021973
0.228,0.41885964912280704
0.2285,0.4201312910284464
0.229,0.4213973799126638
0.2295,0.4226579520697168
0.23,0.4217391304347826
0.2305,0.42082429501084595
0.231,0.42207792207792205
0.2315,0.4211663066954644
0.232,0.4224137931034483
0.2325,0.42365591397849467
0.233,0.424892703862661
0.2335,0.42398286937901497
0.234,0.42521367521367526
0.2345,0.4243070362473348
0.235,0.42340425531914894
0.2355,0.42250530785562634
0.236,0.4216101694915254
0.2365,0.42283298097251587
0.237,0.42194092827004215
0.2375,0.42105263157894735
0.238,0.4201680672268907
0.2385,0.4192872117400419
0.239,0.42050209205020916
0.2395,0.4217118997912317
0.24,0.4229166666666667
0.2405,0.42411642411642414
0.241,0.4253112033195021
0.2415,0.42650103519668736
0.242,0.4256198347107438
0.2425,0.42474226804123716
0.243,0.42592592592592593
0.2435,0.42505133470225875
0.244,0.42622950819672134
0.2445,0.4253578732106339
0.245,0.42653061224489797
0.2455,0.42769857433808556
0.246,0.42886178861788615
0.2465,0.4279918864097363
0.247,0.4271255060728745
0.2475,0.42626262626262623
0.248,0.42741935483870963
0.2485,0.4285714285714286
0.249,0.42771084337349397
0.2495,0.4288577154308617
0.25,0.43000000000000005
0.2505,0.4291417165668663
0.251,0.4282868525896414
0.2515,0.42942345924453285
0.252,0.4285714285714286
0.2525,0.42772277227722777
0.253,0.4268774703557312
0.2535,0.42800788954635105
0.254,0.42913385826771655
0.2545,0.42829076620825146
0.255,0.4294117647058824
0.2555,0.43052837573385516
0.256,0.431640625
0.2565,0.4327485380116959
0.257,0.433852140077821
0.2575,0.43300970873786404
0.258,0.43410852713178294
0.2585,0.4352030947775629
0.259,0.4343629343629344
0.2595,0.4354527938342967
0.26,0.43653846153846154
0.2605,0.4376199616122841
0.261,0.4386973180076629
0.2615,0.4378585086042065
0.262,0.4389312977099237
0.2625,0.43999999999999995
0.263,0.44106463878326996
0.2635,0.44212523719165087
0.264,0.44318181818181823
0.2645,0.444234404536862
0.265,0.44528301886792454
0.2655,0.4444444444444444
0.266,0.443609022556391
0.2665,0.4446529080675422
0.267,0.44569288389513106
0.2675,0.44485981308411215
0.268,0.44589552238805974
0.2685,0.44692737430167595
0.269,0.44795539033457255
0.2695,0.44897959183673475
0.27,0.44999999999999996
0.2705,0.45101663585951945
0.271,0.45202952029520294
0.2715,0.4530386740331491
0.272,0.4540441176470589
0.2725,0.45504587155963305
0.273,0.45421245421245426
0.2735,0.4552102376599635
0.274,0.45620437956204385
0.2745,0.45719489981785066
0.275,0.4563636363636364
0.2755,0.45735027223230496
0.276,0.4565217391304348
0.2765,0.45750452079566006
0.277,0.45848375451263534
0.2775,0.45945945945945943
0.278,0.460431654676259
0.2785,0.4614003590664273
0.279,0.4623655913978495
0.2795,0.46153846153846156
0.28,0.4625
0.2805,0.46167557932263814
0.281,0.4626334519572953
0.2815,0.46358792184724684
0.282,0.46453900709219853
0.2825,0.46548672566371685
0.283,0.4646643109540636
0.2835,0.46384479717813054
0.284,0.4630281690140845
0.2845,0.46221441124780316
0.285,0.4631578947368421
0.2855,0.4640980735551664
0.286,0.46328671328671334
0.2865,0.4642233856893543
0.287,0.46341463414634143
0.2875,0.4626086956521739
0.288,0.46354166666666663
0.2885,0.4644714038128249
0.289,0.46366782006920415
0.2895,0.46459412780656306
0.29,0.4655172413793104
0.2905,0.4664371772805508
0.291,0.46735395189003437
0.2915,0.4682675814751286
0.292,0.4691780821917808
0.2925,0.4683760683760684
0.293,0.46928327645051193
0.2935,0.4701873935264055
0.294,0.4710884353741497
0.2945,0.47198641765704585
0.295,0.4728813559322034
0.2955,0.47208121827411165
0.296,0.472972972972973
0.2965,0.4721753794266442
0.297,0.4730639730639731
0.2975,0.47394957983193275
0.298,0.4731543624161074
0.2985,0.4723618090452262
0.299,0.47157190635451507
0.2995,0.4707846410684474
0.3,0.4716666666666667
0.3005,0.47254575707154745
0.301,0.47342192691029905
0.3015,0.4742951907131011
0.302,0.4751655629139073
0.3025,0.4760330578512396
0.303,0.4752475247524752
0.3035,0.4744645799011532
0.304,0.4736842105263158
0.3045,0.4729064039408867
0.305,0.4737704918032787
0.3055,0.47299509001636664
0.306,0.4722222222222222
0.3065,0.4730831973898858
0.307,0.4739413680781759
0.3075,0.47317073170731705
0.308,0.4724025974025974
0.3085,0.47325769854132904
0.309,0.4724919093851133
0.3095,0.4717285945072698
0.31,0.47096774193548385
0.3105,0.47020933977455714
0.311,0.4710610932475884
0.3115,0.4703049759229535
0.312,0.47115384615384615
0.3125,0.472
0.313,0.47284345047923326
0.3135,0.47208931419457734
0.314,0.4713375796178344
0.3145,0.47058823529411764
0.315,0.4714285714285714
0.3155,0.4706814580031695
0.316,0.4715189873417721
0.3165,0.4723538704581358
0.317,0.47160883280757093
0.3175,0.47086614173228347
0.318,0.4716981132075472
0.3185,0.4725274725274725
0.319,0.47178683385579934
0.3195,0.47104851330203446
0.32,0.4703125
0.3205,0.46957878315132606
0.321,0.47040498442367606
0.3215,0.4696734059097978
0.322,0.46894409937888204
0.3225,0.46821705426356586
0.323,0.46904024767801855
0.3235,0.4683153013910355
0.324,0.4691358024691358
0.3245,0.4684129429892142
0.325,0.46923076923076923
0.3255,0.46850998463901694
0.326,0.46779141104294475
0.3265,0.4670750382848392
0.327,0.4678899082568807
0.3275,0.4671755725190839
0.328,0.4679878048780488
0.3285,0.4687975646879756
0.329,0.46960486322188455
0.3295,0.4688922610015175
0.33,0.46818181818181814
0.3305,0.46747352496217853
0.331,0.46827794561933533
0.3315,0.4675716440422323
0.332,0.4668674698795181
0.3325,0.46616541353383456
0.333,0.46696696696696693
0.3335,0.4662668665667167
0.334,0.46706586826347307
0.3345,0.4678624813153961
0.335,0.4686567164179104
0.3355,0.46795827123695977
0.336,0.46875
0.3365,0.46953937592867756
0.337,0.4688427299703264
0.3375,0.4681481481481482
0.338,0.46893491124260356
0.3385,0.46824224519940916
0.339,0.4690265486725663
0.3395,0.4698085419734904
0.34,0.46911764705882353
0.3405,0.4684287812041116
0.341,0.467741935483871
0.3415,0.4685212298682284
0.342,0.4678362573099415
0.3425,0.46715328467153283
0.343,0.467930029154519
0.3435,0.4672489082969432
0.344,0.46802325581395354
0.3445,0.4687953555878084
0.345,0.46811594202898554
0.3455,0.4688856729377714
0.346,0.46965317919075145
0.3465,0.4704184704184704
0.347,0.47118155619596547
0.3475,0.4719424460431655
0.348,0.4727011494252874
0.3485,0.47345767575322817
0.349,0.4742120343839542
0.3495,0.474964234620887
0.35,0.4742857142857143
0.3505,0.4736091298145506
0.351,0.4729344729344729
0.3515,0.4722617354196301
0.352,0.47301136363636365
0.3525,0.4723404255319149
0.353,0.4730878186968839
0.3535,0.4738330975954739
0.354,0.4731638418079096
0.3545,0.4724964739069112
0.355,0.471830985915493
0.3555,0.47116736990154706
0.356,0.4705056179775281
0.3565,0.4698457223001402
0.357,0.469187675070028
0.3575,0.46853146853146854
0.358,0.4692737430167597
0.3585,0.47001394700139465
0.359,0.46935933147632314
0.3595,0.4700973574408901
0.36,0.46944444444444444
0.3605,0.46879334257975036
0.361,0.4681440443213296
0.3615,0.46887966804979253
0.362,0.4696132596685083
0.3625,0.46896551724137936
0.363,0.4696969696969697
0.3635,0.47042640990371387
0.364,0.47115384615384615
0.3645,0.4705075445816187
0.365,0.4712328767123287
0.3655,0.47058823529411764
0.366,0.4699453551912568
0.3665,0.47066848567530695
0.367,0.4713896457765667
0.3675,0.47074829931972784
0.368,0.4714673913043478
0.3685,0.4721845318860244
0.369,0.4715447154471545
0.3695,0.47090663058186744
0.37,0.47027027027027024
0.3705,0.46963562753036436
0.371,0.4703504043126685
0.3715,0.4697173620457604
0.372,0.46908602150537637
0.3725,0.4697986577181208
0.373,0.47050938337801607
0.3735,0.47121820615796517
0.374,0.47192513368983957
0.3745,0.4712950600801068
0.375,0.472
0.3755,0.47270306258322237
0.376,0.47207446808510634
0.3765,0.4714475431606906
0.377,0.4708222811671088
0.3775,0.47152317880794703
0.378,0.4722222222222222
0.3785,0.47159841479524434
0.379,0.47229551451187335
0.3795,0.47167325428194995
0.38,0.47236842105263155
0.3805,0.4717477003942181
0.381,0.4724409448818898
0.3815,0.473132372214941
0.382,0.4725130890052356
0.3825,0.47320261437908495
0.383,0.47258485639686687
0.3835,0.47327249022164275
0.384,0.47265625
0.3845,0.4733420026007802
0.385,0.474025974025974
0.3855,0.47470817120622566
0.386,0.47538860103626945
0.3865,0.4760672703751617
0.387,0.4767441860465116
0.3875,0.47612903225806447
0.388,0.4768041237113402
0.3885,0.4774774774774775
0.389,0.47814910025706936
0.3895,0.4775353016688062
0.39,0.4769230769230769
0.3905,0.47759282970550576
0.391,0.4782608695652174
0.3915,0.47892720306513414
0.392,0.47959183673469385
0.3925,0.4802547770700637
0.393,0.48091603053435117
0.3935,0.4803049555273189
0.394,0.47969543147208127
0.3945,0.48035487959442336
0.395,0.4810126582278481
0.3955,0.48166877370417194
0.396,0.4810606060606061
0.3965,0.4817150063051703
0.397,0.48110831234256923
0.3975,0.48050314465408805
0.398,0.48115577889447236
0.3985,0.48180677540777916
0.399,0.48245614035087714
0.3995,0.4831038798498123
0.4,0.48375
0.4005,0.48439450686641694
0.401,0.48503740648379057
0.4015,0.4844333748443338
0.402,0.4850746268656716
0.4025,0.48571428571428577
0.403,0.48511166253101734
0.4035,0.4857496902106567
0.404,0.4863861386138614
0.4045,0.4870210135970334
0.405,0.48765432098765427
0.4055,0.4882860665844636
0.406,0.48768472906403937
0.4065,0.48831488314883154
0.407,0.48894348894348894
0.4075,0.48834355828220855
0.408,0.48774509803921573
0.4085,0.4871481028151775
0.409,0.4865525672371638
0.4095,0.485958485958486
0.41,0.4865853658536585
0.4105,0.48599269183922045
0.411,0.4854014598540146
0.4115,0.4860267314702309
0.412,0.48665048543689315
0.4125,0.4872727272727273
0.413,0.48789346246973364
0.4135,0.4885126964933495
0.414,0.4879227053140096
0.4145,0.48854041013269
0.415,0.4879518072289156
0.4155,0.4873646209386282
0.416,0.4879807692307693
0.4165,0.48859543817527007
0.417,0.48920863309352514
0.4175,0.4898203592814371
0.418,0.4892344497607656
0.4185,0.4898446833930705
0.419,0.48926014319809075
0.4195,0.48986889153754465
0.42,0.4892857142857143
0.4205,0.48989298454221164
0.421,0.4904988123515439
0.4215,0.48991696322657174
0.422,0.48933649289099523
0.4225,0.4887573964497042
0.423,0.4893617021276596
0.4235,0.4887839433293979
0.424,0.4882075471698113
0.4245,0.4888103651354535
0.425,0.4894117647058823
0.4255,0.4900117508813161
0.426,0.49061032863849763
0.4265,0.4900351699882767
0.427,0.49063231850117095
0.4275,0.49122807017543857
0.428,0.49065420560747663
0.4285,0.49124854142357055
0.429,0.49067599067599066
0.4295,0.49126891734575084
0.43,0.4918604651162791
0.4305,0.49245063879210216
0.431,0.4918793503480279
0.4315,0.49246813441483195
0.432,0.49189814814814814
0.4325,0.49132947976878616
0.433,0.4919168591224018
0.4335,0.4913494809688581
0.434,0.49193548387096775
0.4345,0.49252013808975836
0.435,0.49310344827586206
0.4355,0.4925373134328358
0.436,0.4919724770642202
0.4365,0.4914089347079038
0.437,0.49199084668192217
0.4375,0.49257142857142855
0.438,0.4931506849315068
0.4385,0.49258836944127704
0.439,0.49202733485193617
0.4395,0.49260523321956773
0.44,0.49204545454545456
0.4405,0.4926220204313281
0.441,0.4920634920634921
0.4415,0.492638731596829
0.442,0.49321266968325794
0.4425,0.4926553672316384
0.443,0.49209932279909707
0.4435,0.49154453213077787
0.444,0.49099099099099097
0.4445,0.49156355455568057
0.445,0.49213483146067416
0.4455,0.49158249158249157
0.446,0.49215246636771304
0.4465,0.4927211646136618
0.447,0.49328859060402686
0.4475,0.49273743016759775
0.448,0.4933035714285714
0.4485,0.49386845039018956
0.449,0.4933184855233853
0.4495,0.49276974416017794
0.45,0.4933333333333333
0.4505,0.49278579356270813
0.451,0.4922394678492239
0.4515,0.4928017718715393
0.452,0.4933628318584071
0.4525,0.49392265193370166
0.453,0.4944812362030905
0.4535,0.49393605292171994
0.454,0.4944933920704846
0.4545,0.49394939493949397
0.455,0.4945054945054945
0.4555,0.49506037321624585
0.456,0.4945175438596491
0.4565,0.49507119386637455
0.457,0.4945295404814004
0.4575,0.4950819672131147
0.458,0.4945414847161572
0.4585,0.49400218102508175
0.459,0.4934640522875817
0.4595,0.49292709466811757
0.46,0.4923913043478261
0.4605,0.49294245385450597
0.461,0.4924078091106291
0.4615,0.49295774647887325
0.462,0.49350649350649356
0.4625,0.494054054054054
0.463,0.4946004319654428
0.4635,0.49514563106796117
0.464,0.4956896551724138
0.4645,0.49623250807319697
0.465,0.4956989247311828
0.4655,0.49516648764769067
0.466,0.49463519313304716
0.4665,0.4941050375133976
0.467,0.49357601713062094
0.4675,0.493048128342246
0.468,0.4935897435897436
0.4685,0.4930629669156884
0.469,0.4936034115138592
0.4695,0.49307774227902024
0.47,0.4925531914893617
0.4705,0.49202975557917106
0.471,0.49150743099787686
0.4715,0.49204665959703076
0.472,0.49258474576271183
0.4725,0.4920634920634921
0.473,0.492600422832981
0.4735,0.49313621964097154
0.474,0.49367088607594933
0.4745,0.4931506849315068
0.475,0.49368421052631584
0.4755,0.49316508937960046
0.476,0.49264705882352944
0.4765,0.49213011542497376
0.477,0.4926624737945493
0.4775,0.4921465968586387
0.478,0.4916317991631799
0.4785,0.4911180773249739
0.479,0.4916492693110647
0.4795,0.49217935349322206
0.48,0.4916666666666667
0.4805,0.4911550468262227
0.481,0.4916839916839917
0.4815,0.49117341640706125
0.482,0.49170124481327804
0.4825,0.4911917098445596
0.483,0.49171842650103514
0.4835,0.4922440537745605
0.484,0.49173553719008267
0.4845,0.49122807017543857
0.485,0.4907216494845361
0.4855,0.49124613800205974
0.486,0.4907407407407407
0.4865,0.4912641315519013
0.487,0.49075975359342916
0.4875,0.49128205128205127
0.488,0.4918032786885246
0.4885,0.4912998976458547
0.489,0.4918200408997955
0.4895,0.491317671092952
0.49,0.49081632653061225
0.4905,0.491335372069317
0.491,0.4908350305498982
0.4915,0.49135300101729396
0.492,0.49085365853658536
0.4925,0.4913705583756345
0.493,0.49188640973630826
0.4935,0.4913880445795339
0.494,0.4919028340080972
0.4945,0.4914054600606673
0.495,0.49191919191919187
0.4955,0.49243188698284557
0.496,0.49193548387096775
0.4965,0.4914400805639476
0.497,0.49195171026156936
0.4975,0.49246231155778897
0.498,0.4929718875502008
0.4985,0.49247743229689067
0.499,0.4929859719438878
0.4995,0.4934934934934935
0.5,0.493
0.5005,0.49350649350649356
0.501,0.49401197604790414
0.5015,0.4945164506480558
0.502,0.4950199203187251
0.5025,0.4955223880597015
0.503,0.49502982107355864
0.5035,0.49453823237338634
0.504,0.49503968253968256
0.5045,0.4945490584737364
0.505,0.49405940594059405
0.5055,0.49357072205736896
0.506,0.4940711462450593
0.5065,0.49457058242843044
0.507,0.49408284023668636
0.5075,0.4945812807881773
0.508,0.4950787401574803
0.5085,0.4945919370698132
0.509,0.4941060903732809
0.5095,0.4936211972522081
0.51,0.49411764705882355
0.5105,0.4946131243878551
0.511,0.4951076320939335
0.5115,0.49560117302052786
0.512,0.4951171875
0.5125,0.4946341463414634
0.513,0.4941520467836257
0.5135,0.49367088607594933
0.514,0.49319066147859925
0.5145,0.49271137026239065
0.515,0.49320388349514566
0.5155,0.492725509214355
0.516,0.49224806201550386
0.5165,0.4927395934172314
0.517,0.4932301740812379
0.5175,0.49275362318840576
0.518,0.4922779922779923
0.5185,0.4918032786885246
0.519,0.4922928709055877
0.5195,0.492781520692974
0.52,0.4932692307692308
0.5205,0.4937560038424592
0.521,0.49424184261036463
0.5215,0.4937679769894535
0.522,0.49425287356321834
0.5225,0.49473684210526314
0.523,0.4952198852772467
0.5235,0.49570200573065903
0.524,0.4961832061068703
0.5245,0.4966634890371783
0.525,0.4961904761904762
0.5255,0.4957183634633682
0.526,0.4952471482889734
0.5265,0.49477682811016144
0.527,0.4952561669829222
0.5275,0.4957345971563981
0.528,0.4952651515151515
0.5285,0.4957426679280984
0.529,0.49527410207939504
0.5295,0.49575070821529743
0.53,0.4952830188679245
0.5305,0.49481621112158336
0.531,0.49435028248587576
0.5315,0.4938852304797742
0.532,0.493421052631579
0.5325,0.4938967136150235
0.533,0.4934333958724203
0.5335,0.49297094657919405
0.534,0.49250936329588013
0.5345,0.4920486435921422
0.535,0.49252336448598133
0.5355,0.4920634920634921
0.536,0.4925373134328358
0.5365,0.49301025163094125
0.537,0.4925512104283054
0.5375,0.49302325581395345
0.538,0.4934944237918215
0.5385,0.49303621169916434
0.539,0.49350649350649356
0.5395,0.49304911955514363
0.54,0.4925925925925926
0.5405,0.49306197964847365
0.541,0.4926062846580407
0.5415,0.4921514312096029
0.542,0.492619926199262
0.5425,0.4930875576036866
0.543,0.49263351749539597
0.5435,0.49310027598896045
0.544,0.4935661764705882
0.5445,0.4931129476584022
0.545,0.4935779816513761
0.5455,0.4940421631530706
0.546,0.4935897435897436
0.5465,0.49313815187557186
0.547,0.49268738574040216
0.5475,0.4922374429223745
0.548,0.4927007299270073
0.5485,0.4931631722880584
0.549,0.49362477231329693
0.5495,0.49408553230209284
0.55,0.49363636363636365
0.5505,0.49409627611262485
0.551,0.49455535390199634
0.5515,0.49501359927470534
0.552,0.49547101449275366
0.5525,0.49502262443438916
0.553,0.49547920433996384
0.5535,0.4950316169828365
0.554,0.4954873646209387
0.5545,0.4950405770964833
0.555,0.49459459459459465
0.5555,0.4941494149414941
0.556,0.4946043165467626
0.5565,0.49505840071877805
0.557,0.49551166965888693
0.5575,0.4950672645739911
0.558,0.4955197132616488
0.5585,0.4959713518352731
0.559,0.49552772808586765
0.5595,0.4950848972296693
0.56,0.4955357142857143
0.5605,0.49509366636931307
0.561,0.4955436720142602
0.5615,0.49510240427426533
0.562,0.494661921708185
0.5625,0.49511111111111106
0.563,0.4946714031971581
0.5635,0.49423247559893524
0.564,0.49468085106382975
0.5645,0.4942426926483614
0.565,0.4938053097345133
0.5655,0.49425287356321834
0.566,0.4946996466431095
0.5665,0.4942630185348632
0.567,0.49382716049382713
0.5675,0.49339207048458145
0.568,0.49295774647887325
0.5685,0.4934036939313984
0.569,0.49297012302284715
0.5695,0.4934152765583846
0.57,0.49298245614035086
0.5705,0.49342681858019277
0.571,0.49299474605954463
0.5715,0.4925634295713036
0.572,0.4921328671328671
0.5725,0.49170305676855897
0.573,0.4912739965095986
0.5735,0.4908456843940715
0.574,0.490418118466899
0.5745,0.48999129677980857
0.575,0.4895652173913043
0.5755,0.48913987836663775
0.576,0.4887152777777778
0.5765,0.48829141370338247
0.577,0.4878682842287695
0.5775,0.48744588744588746
0.578,0.48702422145328716
0.5785,0.4874675885911841
0.579,0.48791018998272884
0.5795,0.4883520276100086
0.58,0.48879310344827587
0.5805,0.48923341946597765
0.581,0.48881239242685026
0.5815,0.48839208942390366
0.582,0.48797250859106533
0.5825,0.48841201716738203
0.583,0.4879931389365352
0.5835,0.4875749785775493
0.584,0.4871575342465754
0.5845,0.48674080410607357
0.585,0.4863247863247864
0.5855,0.4859094790777113
0.586,0.4863481228668942
0.5865,0.48593350383631717
0.587,0.48637137989778534
0.5875,0.4868085106382979
0.588,0.48639455782312924
0.5885,0.485981308411215
0.589,0.4864176570458404
0.5895,0.48600508905852413
0.59,0.485593220338983
0.5905,0.485182049110923
0.591,0.48477157360406087
0.5915,0.4843617920540998
0.592,0.48479729729729726
0.5925,0.48438818565400843
0.593,0.48482293423271505
0.5935,0.48441449031171024
0.594,0.48484848484848486
0.5945,0.48528174936921786
0.595,0.48571428571428577
0.5955,0.48614609571788414
0.596,0.4865771812080537
0.5965,0.4861693210393965
0.597,0.4857621440536013
0.5975,0.4861924686192468
0.598,0.4857859531772575
0.5985,0.48621553884711777
0.599,0.4858096828046744
0.5995,0.4862385321100917
0.6,0.4866666666666667
0.6005,0.48626144879267275
0.601,0.4858569051580699
0.6015,0.486284289276808
0.602,0.4867109634551495
0.6025,0.48713692946058096
0.603,0.48673300165837474
0.6035,0.48632974316487154
0.604,0.48675496688741726
0.6045,0.4871794871794872
0.605,0.4867768595041322
0.6055,0.48637489677952106
0.606,0.48679867986798675
0.6065,0.48722176422093977
0.607,0.4868204283360791
0.6075,0.4872427983539095
0.608,0.4876644736842105
0.6085,0.4872637633525062
0.609,0.48686371100164205
0.6095,0.48728465955701394
0.61,0.4868852459016394
0.6105,0.4873054873054873
0.611,0.48772504091653024
0.6115,0.48732624693376947
0.612,0.48692810457516345
0.6125,0.48734693877551016
0.613,0.4877650897226754
0.6135,0.4873675631621842
0.614,0.48778501628664495
0.6145,0.4882017900732303
0.615,0.4878048780487805
0.6155,0.48740861088545895
0.616,0.487012987012987
0.6165,0.48661800486618
0.617,0.486223662884927
0.6175,0.4858299595141701
0.618,0.4854368932038835
0.6185,0.48585286984640264
0.619,0.48546042003231016
0.6195,0.48506860371267146
0.62,0.48467741935483866
0.6205,0.484286865431104
0.621,0.4838969404186796
0.6215,0.48431214802896216
0.622,0.4839228295819936
0.6225,0.4835341365461847
0.623,0.4831460674157303
0.6235,0.48356054530874093
0.624,0.48317307692307687
0.6245,0.48278622898318657
0.625,0.48319999999999996
0.6255,0.4828137490007993
0.626,0.4824281150159745
0.6265,0.48284118116520347
0.627,0.4832535885167464
0.6275,0.4828685258964144
0.628,0.48328025477707004
0.6285,0.4836913285600637
0.629,0.4841017488076311
0.6295,0.48371723590150917
0.63,0.4841269841269841
0.6305,0.48374306106264864
0.631,0.4833597464342314
0.6315,0.4829770387965162
0.632,0.4825949367088608
0.6325,0.48221343873517786
0.633,0.48262243285939965
0.6335,0.4830307813733228
0.634,0.48264984227129337
0.6345,0.4822695035460993
0.635,0.4826771653543307
0.6355,0.48308418568056644
0.636,0.4827044025157232
0.6365,0.4831107619795758
0.637,0.48351648351648346
0.6375,0.4831372549019608
0.638,0.48275862068965514
0.6385,0.4831636648394675
0.639,0.4835680751173709
0.6395,0.4831899921813917
0.64,0.48359375000000004
0.6405,0.48321623731459795
0.641,0.483619344773791
0.6415,0.4832424006235386
0.642,0.4828660436137072
0.6425,0.4832684824902723
0.643,0.48367029548989116
0.6435,0.4832944832944833
0.644,0.48291925465838514
0.6445,0.4833204034134988
0.645,0.48294573643410854
0.6455,0.48334624322230824
0.646,0.4837461300309598
0.6465,0.48414539829853054
0.647,0.4837712519319938
0.6475,0.4833976833976834
0.648,0.4837962962962963
0.6485,0.48342328450269856
0.649,0.4838212634822804
0.6495,0.4834488067744419
0.65,0.4838461538461538
0.6505,0.48347425057647964
0.651,0.48310291858678955
0.6515,0.4827321565617805
0.652,0.4823619631901841
0.6525,0.48275862068965514
0.653,0.4831546707503829
0.6535,0.4835501147666411
0.654,0.4831804281345565
0.6545,0.48357524828113063
0.655,0.483206106870229
0.6555,0.482837528604119
0.656,0.4832317073170732
0.6565,0.48286367098248284
0.657,0.482496194824962
0.6575,0.4828897338403042
0.658,0.48328267477203646
0.6585,0.4829157175398633
0.659,0.48330804248861914
0.6595,0.4829416224412434
0.66,0.4833333333333333
0.6605,0.4837244511733535
0.661,0.4841149773071104
0.6615,0.48374905517762656
0.662,0.4833836858006042
0.6625,0.48377358490566036
0.663,0.48416289592760176
0.6635,0.48379804069329313
0.664,0.48343373493975905
0.6645,0.4830699774266366
0.665,0.48345864661654137
0.6655,0.4830954169797145
0.666,0.48348348348348347
0.6665,0.4838709677419355
0.667,0.4835082458770614
0.6675,0.48389513108614235
0.668,0.4835329341317365
0.6685,0.4839192221391174
0.669,0.48355754857997013
0.6695,0.48319641523525014
0.67,0.4835820895522388
0.6705,0.4832214765100671
0.671,0.48360655737704916
0.6715,0.4839910647803425
0.672,0.48363095238095233
0.6725,0.483271375464684
0.673,0.48365527488855864
0.6735,0.4840386043058649
0.674,0.483679525222552
0.6745,0.4840622683469237
0.675,0.48444444444444446
0.6755,0.48408586232420425
0.676,0.4844674556213018
0.6765,0.48484848484848486
0.677,0.4844903988183161
0.6775,0.4841328413284133
0.678,0.4837758112094396
0.6785,0.48341930729550475
0.679,0.48379970544918993
0.6795,0.48344370860927155
0.68,0.48382352941176465
0.6805,0.48346803820720063
0.681,0.48384728340675476
0.6815,0.4842259721203228
0.682,0.4846041055718475
0.6825,0.48498168498168504
0.683,0.48462664714494874
0.6835,0.48500365764447695
0.684,0.48464912280701755
0.6845,0.48502556610664715
0.685,0.4854014598540146
0.6855,0.48577680525164113
0.686,0.4854227405247813
0.6865,0.4850691915513474
0.687,0.4847161572052402
0.6875,0.48509090909090913
0.688,0.48546511627906974
0.6885,0.485838779956427
0.689,0.4862119013062409
0.6895,0.485859318346628
0.69,0.486231884057971
0.6905,0.4866039102099927
0.691,0.48697539797395084
0.6915,0.48662328271872746
0.692,0.48699421965317924
0.6925,0.4873646209386282
0.693,0.4877344877344877
0.6935,0.4881038211968277
0.694,0.4884726224783862
0.6945,0.48812095032397407
0.695,0.4877697841726619
0.6955,0.48813803019410495
0.696,0.4885057471264368
0.6965,0.488872936109117
0.697,0.4885222381635581
0.6975,0.48888888888888893
0.698,0.48925501432664753
0.6985,0.4889047959914101
0.699,0.4892703862660944
0.6995,0.4896354538956398
0.7,0.4892857142857143
0.7005,0.489650249821556
0.701,0.4900142653352354
0.7015,0.49037776193870275
0.702,0.49002849002849
0.7025,0.49039145907473314
0.703,0.4907539118065434
0.7035,0.49111584932480457
0.704,0.4907670454545454
0.7045,0.4911284599006388
0.705,0.4907801418439717
0.7055,0.4911410347271439
0.706,0.4907932011331445
0.7065,0.4911535739561217
0.707,0.49151343705799155
0.7075,0.49187279151943464
0.708,0.4915254237288136
0.7085,0.4911785462244178
0.709,0.4915373765867419
0.7095,0.4918957011980267
0.71,0.4915492957746479
0.7105,0.4919071076706545
0.711,0.49156118143459915
0.7115,0.49121574139142654
0.712,0.4915730337078652
0.7125,0.49122807017543857
0.713,0.4915848527349228
0.7135,0.4919411352487737
0.714,0.4915966386554622
0.7145,0.4912526242127362
0.715,0.49160839160839165
0.7155,0.49126484975541584
0.716,0.49092178770949724
0.7165,0.4905792044661549
0.717,0.49023709902370993
0.7175,0.4905923344947736
0.718,0.4909470752089137
0.7185,0.4913013221990258
0.719,0.49095966620305975
0.7195,0.4913134120917304
0.72,0.49097222222222225
0.7205,0.49132546842470504
0.721,0.4909847434119279
0.7215,0.49064449064449067
0.722,0.4903047091412742
0.7225,0.49065743944636675
0.723,0.4910096818810512
0.7235,0.4906703524533518
0.724,0.4903314917127072
0.7245,0.48999309868875085
0.725,0.4896551724137931
0.7255,0.49000689179875945
0.726,0.4896694214876033
0.7265,0.4900206469373709
0.727,0.49037138927097657
0.7275,0.4907216494845361
0.728,0.4910714285714286
0.7285,0.49142072752230614
0.729,0.4910836762688614
0.7295,0.4914324880054832
0.73,0.49178082191780825
0.7305,0.4914442162902122
0.731,0.49179206566347466
0.7315,0.49145591250854403
0.732,0.49112021857923494
0.7325,0.49146757679180886
0.733,0.49113233287858116
0.7335,0.49079754601227
0.734,0.4904632152588556
0.7345,0.4901293396868618
0.735,0.4897959183673469
0.7355,0.49014276002719237
0.736,0.4904891304347826
0.7365,0.4908350305498982
0.737,0.49118046132971505
0.7375,0.4908474576271187
0.738,0.4911924119241192
0.7385,0.49085985104942453
0.739,0.49120433017591336
0.7395,0.4908722109533469
0.74,0.49121621621621625
0.7405,0.4915597569209993
0.741,0.49122807017543857
0.7415,0.49157113958192855
0.742,0.49191374663072773
0.7425,0.49158249158249157
0.743,0.49125168236877526
0.7435,0.49159381304640215
0.744,0.49193548387096775
0.7445,0.4916051040967092
0.745,0.49194630872483225
0.7455,0.4916163648558015
0.746,0.49195710455764075
0.7465,0.49229738780977894
0.747,0.4919678714859438
0.7475,0.4916387959866221
0.748,0.4919786096256684
0.7485,0.4916499665998664
0.749,0.49198931909212285
0.7495,0.49232821881254174
0.75,0.4926666666666667
0.7505,0.4930046635576283
0.751,0.492676431424767
0.7515,0.49301397205588826
0.752,0.49268617021276595
0.7525,0.49235880398671095
0.753,0.49269588313413015
0.7535,0.4930325149303252
0.754,0.49336870026525204
0.7545,0.4937044400265076
0.755,0.49403973509933774
0.7555,0.4937127729980145
0.756,0.49404761904761907
0.7565,0.4943820224719101
0.757,0.4947159841479525
0.7575,0.49504950495049505
0.758,0.49472295514511877
0.7585,0.4943968358602505
0.759,0.4940711462450593
0.7595,0.4944042132982225
0.76,0.49473684210526314
0.7605,0.49506903353057197
0.761,0.49474375821287775
0.7615,0.495075508864084
0.762,0.494750656167979
0.7625,0.4944262295081967
0.763,0.4947575360419397
0.7635,0.4944335297969875
0.764,0.4941099476439791
0.7645,0.49444081098757353
0.765,0.4947712418300654
0.7655,0.4951012410189418
0.766,0.4954308093994778
0.7665,0.4957599478147423
0.767,0.49608865710560623
0.7675,0.49641693811074916
0.768,0.49674479166666663
0.7685,0.49707221860767725
0.769,0.4967490247074122
0.7695,0.4970760233918129
0.77,0.4974025974025974
0.7705,0.4970798182998053
0.771,0.4974059662775616
0.7715,0.4970836033700583
0.772,0.49676165803108807
0.7725,0.4964401294498382
0.773,0.4967658473479948
0.7735,0.4970911441499677
0.774,0.49677002583979324
0.7745,0.4964493221433183
0.775,0.49677419354838714
0.7755,0.49709864603481624
0.776,0.49677835051546393
0.7765,0.49710238248551186
0.777,0.49742599742599747
0.7775,0.49774919614147906
0.778,0.4974293059125964
0.7785,0.49710982658959535
0.779,0.4974326059050064
0.7795,0.4971135343168698
0.78,0.49743589743589745
0.7805,0.4977578475336323
0.781,0.49743918053777214
0.7815,0.4971209213051824
0.782,0.4974424552429667
0.7825,0.49776357827476037
0.783,0.49744572158365263
0.7835,0.4971282705807275
0.784,0.49744897959183676
0.7845,0.49776927979604846
0.785,0.4980891719745223
0.7855,0.498408656906429
0.786,0.49872773536895676
0.7865,0.49841068022886204
0.787,0.4987293519695044
0.7875,0.4984126984126984
0.788,0.49873096446700504
0.7885,0.49841471147748895
0.789,0.4980988593155894
0.7895,0.4984167194426853
0.79,0.4981012658227848
0.7905,0.49778621125869704
0.791,0.49810366624525915
0.7915,0.4984207201516109
0.792,0.49810606060606055
0.7925,0.49842271293375395
0.793,0.49873896595208067
0.7935,0.4984247006931317
0.794,0.4981108312342569
0.7945,0.4984266834487099
0.795,0.4987421383647799
0.7955,0.4990571967316153
0.796,0.4993718592964824
0.7965,0.4990583804143126
0.797,0.49874529485570895
0.7975,0.4990595611285267
0.798,0.4987468671679198
0.7985,0.49843456480901693
0.799,0.49812265331664585
0.7995,0.49843652282676676
0.8,0.49875
0.8005,0.4990630855715178
0.801,0.4993757802746567
0.8015,0.4996880848409233
0.802,0.4993765586034913
0.8025,0.49906542056074765
0.803,0.4987546699875467
0.8035,0.4984443061605476
0.804,0.4981343283582089
0.8045,0.49844623990055936
0.805,0.49875776397515525
0.8055,0.4990689013035382
0.806,0.499379652605459
0.8065,0.4990700557966522
0.807,0.4993804213135068
0.8075,0.4996904024767802
0.808,0.49938118811881194
0.8085,0.49969078540507117
0.809,0.49938195302843014
0.8095,0.49969116738727615
0.81,0.5
0.8105,0.500308451573103
0.811,0.5
0.8115,0.4996919285274184
0.812,0.5
0.8125,0.49969230769230766
0.813,0.4993849938499385
0.8135,0.49969268592501537
0.814,0.4993857493857494
0.8145,0.49907918968692444
0.815,0.49877300613496933
0.8155,0.49846719803801354
0.816,0.49816176470588236
0.8165,0.4984690753214942
0.817,0.4987760097919217
0.8175,0.4990825688073395
0.818,0.49938875305623476
0.8185,0.49908368967623706
0.819,0.4987789987789988
0.8195,0.4984746796827334
0.82,0.49878048780487805
0.8205,0.4990859232175503
0.821,0.4993909866017052
0.8215,0.4990870359099209
0.822,0.49939172749391725
0.8225,0.49969604863221884
0.823,0.49939246658566216
0.8235,0.4996964177292046
0.824,0.4993932038834952
0.8245,0.4996967859308672
0.825,0.5
0.8255,0.4996971532404604
0.826,0.49939467312348673
0.8265,0.4990925589836661
0.827,0.49939540507859737
0.8275,0.4996978851963746
0.828,0.5
0.8285,0.4996982498491249
0.829,0.5
0.8295,0.4996986136226642
0.83,0.5
0.8305,0.5003010234798314
0.831,0.5
0.8315,0.49969933854479853
0.832,0.49939903846153844
0.8325,0.4990990990990991
0.833,0.49879951980792314
0.8335,0.498500299940012
0.834,0.4988009592326139
0.8345,0.4985020970641102
0.835,0.4988023952095808
0.8355,0.4991023339317774
0.836,0.49940191387559807
0.8365,0.49970113568439933
0.837,0.5
0.8375,0.5002985074626866
0.838,0.5
0.8385,0.5002981514609421
0.839,0.5005959475566151
0.8395,0.5002977963073258
0.84,0.5
0.8405,0.4997025580011898
0.841,0.4994054696789536
0.8415,0.4991087344028521
0.842,0.498812351543943
0.8425,0.49851632047477745
0.843,0.49822064056939497
0.8435,0.4979253112033195
0.844,0.49822274881516593
0.8445,0.49851983422143276
0.845,0.49822485207100586
0.8455,0.49852158486102893
0.846,0.49822695035460995
0.8465,0.4985233313644418
0.847,0.4988193624557261
0.8475,0.4985250737463127
0.848,0.49823113207547165
0.8485,0.49793753682969943
0.849,0.49823321554770317
0.8495,0.49852854620364917
0.85,0.4982352941176471
0.8505,0.4979423868312757
0.851,0.49764982373678024
0.8515,0.4979448032883147
0.852,0.49823943661971826
0.8525,0.49853372434017595
0.853,0.4988276670574443
0.8535,0.49912126537785584
0.854,0.49941451990632324
0.8545,0.49970743124634287
0.855,0.5
0.8555,0.4997077732320281
0.856,0.4994158878504673
0.8565,0.49970811441914764
0.857,0.4994165694282381
0.8575,0.49970845481049564
0.858,0.5
0.8585,0.5002912055911474
0.859,0.5
0.8595,0.4997091332169866
0.86,0.5
0.8605,0.4997094712376525
0.861,0.5
0.8615,0.4997098084735926
0.862,0.5
0.8625,0.4997101449275362
0.863,0.5
0.8635,0.5002895193977996
0.864,0.5005787037037037
0.8645,0.5008675534991325
0.865,0.500578034682081
0.8655,0.5008665511265165
0.866,0.5011547344110854
0.8665,0.5014425851125217
0.867,0.5011534025374855
0.8675,0.500864553314121
0.868,0.5011520737327189
0.8685,0.5014392630972941
0.869,0.501150747986191
0.8695,0.5008625646923519
0.87,0.5011494252873563
0.8705,0.5014359563469271
0.871,0.5017221584385764
0.8715,0.5020080321285141
0.872,0.5017201834862386
0.8725,0.501432664756447
0.873,0.5017182130584192
0.8735,0.5014310246136233
0.874,0.5011441647597255
0.8745,0.501429388221841
0.875,0.5017142857142858
0.8755,0.5014277555682467
0.876,0.5011415525114156
0.8765,0.5008556759840274
0.877,0.500570125427594
0.8775,0.5002849002849004
0.878,0.5005694760820045
0.8785,0.5002845759817871
0.879,0.5005688282138794
0.8795,0.5002842524161455
0.88,0.5005681818181817
0.8805,0.5008517887563884
0.881,0.5011350737797957
0.8815,0.5014180374361883
0.882,0.5011337868480725
0.8825,0.5014164305949009
0.883,0.5016987542468856
0.8835,0.5019807583474816
0.884,0.502262443438914
0.8845,0.5019785189372528
0.885,0.5022598870056497
0.8855,0.5025409373235461
0.886,0.5022573363431151
0.8865,0.5025380710659899
0.887,0.5028184892897407
0.8875,0.5030985915492958
0.888,0.5033783783783784
0.8885,0.5036578503095104
0.889,0.5039370078740157
0.8895,0.5036537380550872
0.89,0.503370786516854
0.8905,0.5030881527231892
0.891,0.5028058361391694
0.8915,0.5025238362310712
0.892,0.5028026905829597
0.8925,0.5025210084033613
0.893,0.5027995520716686
0.8935,0.502518186905428
0.894,0.5027964205816555
0.8945,0.5025153717160424
0.895,0.5027932960893855
0.8955,0.503070910106086
0.896,0.5027901785714286
0.8965,0.5030674846625767
0.897,0.5033444816053512
0.8975,0.5036211699164346
0.898,0.5038975501113585
0.8985,0.5041736227045075
0.899,0.5038932146829811
0.8995,0.5036131183991106
0.9,0.5038888888888888
0.9005,0.5036091060521932
0.901,0.5033296337402886
0.9015,0.5030504714364947
0.902,0.5027716186252771
0.9025,0.5030470914127424
0.903,0.5033222591362126
0.9035,0.503043718871057
0.904,0.5027654867256637
0.9045,0.5024875621890548
0.905,0.5022099447513813
0.9055,0.5019326339039205
0.906,0.5016556291390728
0.9065,0.5013789299503586
0.907,0.5011025358324146
0.9075,0.5008264462809917
0.908,0.5005506607929515
0.9085,0.500275178866263
0.909,0.5
0.9095,0.5002748763056625
0.91,0.5005494505494505
0.9105,0.500823723228995
0.911,0.5005488474204172
0.9115,0.5002742731760834
0.912,0.5
0.9125,0.49972602739726024
0.913,0.4994523548740416
0.9135,0.4991789819376026
0.914,0.49945295404814005
0.9145,0.49917987971569167
0.915,0.4989071038251366
0.9155,0.49918077553249596
0.916,0.49945414847161573
0.9165,0.4991816693944353
0.917,0.4989094874591058
0.9175,0.49863760217983655
0.918,0.49836601307189543
0.9185,0.4986390854654328
0.919,0.49891186071817195
0.9195,0.4986405655247417
0.92,0.4983695652173913
0.9205,0.49864204236827814
0.921,0.498914223669924
0.9215,0.49918610960390664
0.922,0.49891540130151846
0.9225,0.49918699186991866
0.923,0.4989165763813651
0.9235,0.49864645370871685
0.924,0.49837662337662336
0.9245,0.4986479177934018
0.925,0.49891891891891893
0.9255,0.4991896272285251
0.926,0.49946004319654425
0.9265,0.4997301672962763
0.927,0.5
0.9275,0.49973045822102424
0.928,0.5
0.9285,0.4997307485191168
0.929,0.5
0.9295,0.4997310381925767
0.93,0.5
0.9305,0.5002686727565825
0.931,0.5005370569280343
0.9315,0.500805152979066
0.932,0.5010729613733906
0.9325,0.5013404825737265
0.933,0.5010718113612005
0.9335,0.500803427959293
0.934,0.5005353319057816
0.9345,0.5008025682182986
0.935,0.5010695187165776
0.9355,0.5008017103153394
0.936,0.500534188034188
0.9365,0.5002669514148426
0.937,0.5
0.9375,0.5002666666666666
0.938,0.5
0.9385,0.5002663825253064
0.939,0.5
0.9395,0.4997339010111762
0.94,0.5
0.9405,0.5002658160552897
0.941,0.5005313496280552
0.9415,0.5002655337227828
0.942,0.5005307855626326
0.9425,0.5007957559681697
0.943,0.5005302226935313
0.9435,0.5007949125596185
0.944,0.5010593220338984
0.9445,0.5013234515616729
0.945,0.501058201058201
0.9455,0.5007932310946589
0.946,0.5005285412262157
0.9465,0.5002641310089804
0.947,0.5
0.9475,0.5002638522427441
0.948,0.5
0.9485,0.4997364259356879
0.949,0.4994731296101159
0.9495,0.49921011058451814
0.95,0.4994736842105263
0.9505,0.49921094160967916
0.951,0.4989484752891693
0.9515,0.49868628481345245
0.952,0.49842436974789917
0.9525,0.4986876640419947
0.953,0.49895068205666315
0.9535,0.49868904037755635
0.954,0.49895178197064993
0.9545,0.499214248297538
0.955,0.4994764397905759
0.9555,0.4992150706436421
0.956,0.4989539748953975
0.9565,0.49869315211709353
0.957,0.4984326018808778
0.9575,0.49817232375979115
0.958,0.49843423799582465
0.9585,0.4986958789775692
0.959,0.4989572471324296
0.9595,0.49921834288692024
0.96,0.4989583333333333
0.9605,0.49869859448204057
0.961,0.4984391259105099
0.9615,0.4981799271970879
0.962,0.4984407484407485
0.9625,0.49818181818181817
0.963,0.49792315680166144
0.9635,0.49766476388168135
0.964,0.4979253112033195
0.9645,0.4976671850699844
0.965,0.49740932642487046
0.9655,0.49715173485240804
0.966,0.4974120082815735
0.9665,0.49767201241593373
0.967,0.49793174767321613
0.9675,0.4976744186046511
0.968,0.4979338842975206
0.9685,0.49819308208569957
0.969,0.4979360165118679
0.9695,0.4981949458483754
0.97,0.4984536082474227
0.9705,0.4987120041215868
0.971,0.49897013388259526
0.9715,0.49871332990221307
0.972,0.4989711934156379
0.9725,0.49871465295629824
0.973,0.498972250770812
0.9735,0.4987159732922445
0.974,0.49845995893223816
0.9745,0.4982042072857876
0.975,0.4984615384615385
0.9755,0.49820604818042025
0.976,0.4984631147540983
0.9765,0.49820788530465954
0.977,0.49795291709314227
0.9775,0.4982097186700767
0.978,0.4979550102249489
0.9785,0.49821154828819625
0.979,0.49795709908069463
0.9795,0.4977029096477795
0.98,0.49744897959183676
0.9805,0.4977052524222335
0.981,0.4979612640163099
0.9815,0.49821701477330615
0.982,0.49796334012219956
0.9825,0.49770992366412214
0.983,0.4974567650050865
0.9835,0.4972038637519065
0.984,0.4974593495934959
0.9845,0.4977145759268664
0.985,0.4974619289340102
0.9855,0.497716894977169
0.986,0.4974645030425964
0.9865,0.4972123669538774
0.987,0.49746707193515705
0.9875,0.49772151898734174
0.988,0.4974696356275303
0.9885,0.4972180070814365
0.989,0.4969666329625885
0.9895,0.4967155128852956
0.99,0.4964646464646465
0.9905,0.4962140333165068
0.991,0.49596367305751765
0.9915,0.49621785173978816
0.992,0.4959677419354839
0.9925,0.49622166246851385
0.993,0.49647532729103727
0.9935,0.4962254655259185
0.994,0.4959758551307847
0.9945,0.49572649572649574
0.995,0.49547738693467336
0.9955,0.4952285283776996
0.996,0.49548192771084343
0.9965,0.49573507275464124
0.997,0.4954864593781344
0.9975,0.49523809523809526
0.998,0.4949899799599199
0.9985,0.4947421131697546
0.999,0.49449449449449445
0.9995,0.4947473736868434
1.0,0.49450000000000005
